# ************************************************************
# Sequel Pro SQL dump
# Version 4096
#
# http://www.sequelpro.com/
# http://code.google.com/p/sequel-pro/
#
# Host: 127.0.0.1 (MySQL 5.6.22)
# Database: api
# Generation Time: 2015-01-17 23:09:28 +0000
# ************************************************************


/*!40101 SET @OLD_CHARACTER_SET_CLIENT=@@CHARACTER_SET_CLIENT */;
/*!40101 SET @OLD_CHARACTER_SET_RESULTS=@@CHARACTER_SET_RESULTS */;
/*!40101 SET @OLD_COLLATION_CONNECTION=@@COLLATION_CONNECTION */;
/*!40101 SET NAMES utf8 */;
/*!40014 SET @OLD_FOREIGN_KEY_CHECKS=@@FOREIGN_KEY_CHECKS, FOREIGN_KEY_CHECKS=0 */;
/*!40101 SET @OLD_SQL_MODE=@@SQL_MODE, SQL_MODE='NO_AUTO_VALUE_ON_ZERO' */;
/*!40111 SET @OLD_SQL_NOTES=@@SQL_NOTES, SQL_NOTES=0 */;


# Dump of table actors
# ------------------------------------------------------------

DROP TABLE IF EXISTS `actors`;

CREATE TABLE `actors` (
  `id` int(10) unsigned NOT NULL AUTO_INCREMENT,
  `name` varchar(255) COLLATE utf8_unicode_ci NOT NULL,
  `created_at` timestamp NOT NULL DEFAULT '0000-00-00 00:00:00',
  `updated_at` timestamp NOT NULL DEFAULT '0000-00-00 00:00:00',
  PRIMARY KEY (`id`)
) ENGINE=InnoDB DEFAULT CHARSET=utf8 COLLATE=utf8_unicode_ci;

LOCK TABLES `actors` WRITE;
/*!40000 ALTER TABLE `actors` DISABLE KEYS */;

INSERT INTO `actors` (`id`, `name`, `created_at`, `updated_at`)
VALUES
	(1,'Ms. Camila Conn IV','2015-01-15 08:29:41','2015-01-15 08:29:41'),
	(2,'Ms. Heath D\'Amore Jr.','2015-01-15 08:29:41','2015-01-15 08:29:41'),
	(4,'Helen Hintz','2015-01-15 08:29:41','2015-01-15 08:29:41'),
	(5,'Jenifer Hintz','2015-01-15 08:29:41','2015-01-15 08:29:41'),
	(6,'Antonio Smith','2015-01-15 08:29:41','2015-01-15 08:29:41'),
	(7,'Haskell King','2015-01-15 08:29:41','2015-01-15 08:29:41'),
	(9,'Rafaela Sauer','2015-01-15 08:29:41','2015-01-15 08:29:41'),
	(10,'Adela Paucek Sr.','2015-01-15 08:29:41','2015-01-15 08:29:41'),
	(11,'Johnny Prohaska','2015-01-15 08:29:41','2015-01-15 08:29:41'),
	(12,'Dion Maggio','2015-01-15 08:29:41','2015-01-15 08:29:41'),
	(13,'Clementina Fahey','2015-01-15 08:29:41','2015-01-15 08:29:41'),
	(14,'Elmo Rath','2015-01-15 08:29:41','2015-01-15 08:29:41'),
	(15,'Jade Mohr','2015-01-15 08:29:41','2015-01-15 08:29:41'),
	(16,'Ms. Aletha Sanford','2015-01-15 08:29:41','2015-01-15 08:29:41'),
	(17,'Mr. Luis Batz Jr.','2015-01-15 08:29:41','2015-01-15 08:29:41'),
	(18,'Glen O\'Keefe','2015-01-15 08:29:41','2015-01-15 08:29:41'),
	(19,'Georgette Kovacek IV','2015-01-15 08:29:41','2015-01-15 08:29:41'),
	(20,'Louie Zemlak','2015-01-15 08:29:41','2015-01-15 08:29:41'),
	(22,'Josefa Jast','2015-01-15 08:29:41','2015-01-15 08:29:41'),
	(23,'Emilie Zemlak','2015-01-15 08:29:41','2015-01-15 08:29:41'),
	(25,'Clay Cruickshank','2015-01-15 08:29:41','2015-01-15 08:29:41'),
	(26,'Al Pacino','2015-01-16 13:26:30','2015-01-16 13:26:30'),
	(27,'Robert Deniro','2015-01-16 13:30:15','2015-01-16 13:30:15'),
	(28,'Robert Downey Jr.','2015-01-16 13:31:45','2015-01-16 13:31:45'),
	(29,'Marissa Tome','2015-01-16 13:33:16','2015-01-16 13:33:16'),
	(30,'Val Kilmer','2015-01-16 13:36:01','2015-01-16 13:36:01'),
	(31,'Mark Wahlberg','2015-01-16 16:25:31','2015-01-16 16:25:31'),
	(32,'Kevin Spacey','2015-01-16 16:30:59','2015-01-16 16:30:59'),
	(33,'Robert Redford','2015-01-16 16:37:26','2015-01-16 16:37:26'),
	(34,'Gary Busey','2015-01-16 16:42:58','2015-01-16 16:42:58'),
	(35,'Tom Sizemore','2015-01-17 01:51:52','2015-01-17 01:51:52'),
	(36,'Denzel Washington','2015-01-17 06:58:31','2015-01-17 06:58:31'),
	(37,'John Goodman','2015-01-17 07:01:55','2015-01-17 07:01:55'),
	(38,'Kurt Russell','2015-01-17 07:04:37','2015-01-17 07:04:37'),
	(39,'Sam Elliott','2015-01-17 07:14:55','2015-01-17 07:14:55'),
	(40,'Bill Paxton','2015-01-17 07:25:41','2015-01-17 07:25:41'),
	(41,'Billy Bob Thorton','2015-01-17 14:52:35','2015-01-17 14:52:35');

/*!40000 ALTER TABLE `actors` ENABLE KEYS */;
UNLOCK TABLES;


# Dump of table migrations
# ------------------------------------------------------------

DROP TABLE IF EXISTS `migrations`;

CREATE TABLE `migrations` (
  `migration` varchar(255) COLLATE utf8_unicode_ci NOT NULL,
  `batch` int(11) NOT NULL
) ENGINE=InnoDB DEFAULT CHARSET=utf8 COLLATE=utf8_unicode_ci;

LOCK TABLES `migrations` WRITE;
/*!40000 ALTER TABLE `migrations` DISABLE KEYS */;

INSERT INTO `migrations` (`migration`, `batch`)
VALUES
	('2015_01_14_234949_create_users_table',1),
	('2015_01_14_235947_create_movies_table',1),
	('2015_01_15_000132_create_actors_table',1),
	('2015_01_15_001739_create_pivot_table',1);

/*!40000 ALTER TABLE `migrations` ENABLE KEYS */;
UNLOCK TABLES;


# Dump of table movies
# ------------------------------------------------------------

DROP TABLE IF EXISTS `movies`;

CREATE TABLE `movies` (
  `id` int(10) unsigned NOT NULL AUTO_INCREMENT,
  `name` varchar(255) COLLATE utf8_unicode_ci NOT NULL,
  `release_year` int(11) NOT NULL,
  `created_at` timestamp NOT NULL DEFAULT '0000-00-00 00:00:00',
  `updated_at` timestamp NOT NULL DEFAULT '0000-00-00 00:00:00',
  PRIMARY KEY (`id`)
) ENGINE=InnoDB DEFAULT CHARSET=utf8 COLLATE=utf8_unicode_ci;

LOCK TABLES `movies` WRITE;
/*!40000 ALTER TABLE `movies` DISABLE KEYS */;

INSERT INTO `movies` (`id`, `name`, `release_year`, `created_at`, `updated_at`)
VALUES
	(1,'Scarface',1979,'2015-01-15 08:29:41','2015-01-15 22:22:47'),
	(2,'Consequuntur dicta natus quia qui rerum qui culpa.',1998,'2015-01-15 08:29:41','2015-01-15 08:29:41'),
	(3,'Sint aut dolorem eaque.',1986,'2015-01-15 08:29:41','2015-01-15 08:29:41'),
	(4,'Sed quod consequatur quia nulla tempore maiores aut.',1990,'2015-01-15 08:29:41','2015-01-15 08:29:41'),
	(5,'Consequatur fugit illum sed placeat maxime rerum sit omnis.',1977,'2015-01-15 08:29:41','2015-01-15 08:29:41'),
	(6,'Sed numquam voluptatem repellendus magni inventore soluta.',1984,'2015-01-15 08:29:41','2015-01-15 08:29:41'),
	(7,'Velit inventore quis quia et qui illum minus.',1991,'2015-01-15 08:29:41','2015-01-15 08:29:41'),
	(8,'Aut recusandae sint quam est blanditiis fugiat rem.',1974,'2015-01-15 08:29:41','2015-01-15 08:29:41'),
	(9,'Delectus ut voluptatem reiciendis beatae animi.',1988,'2015-01-15 08:29:41','2015-01-15 08:29:41'),
	(10,'Dicta est non quo culpa exercitationem iste.',1992,'2015-01-15 08:29:41','2015-01-15 08:29:41'),
	(18,'Heat',1998,'2015-01-16 23:42:28','2015-01-16 23:42:28'),
	(19,'Tombstone',1993,'2015-01-17 07:05:05','2015-01-17 07:05:05'),
	(20,'Iron Man',2008,'2015-01-17 15:55:52','2015-01-17 15:55:52');

/*!40000 ALTER TABLE `movies` ENABLE KEYS */;
UNLOCK TABLES;


# Dump of table pivot_table
# ------------------------------------------------------------

DROP TABLE IF EXISTS `pivot_table`;

CREATE TABLE `pivot_table` (
  `id` int(10) unsigned NOT NULL AUTO_INCREMENT,
  `movie_id` int(11) NOT NULL,
  `actor_id` int(11) NOT NULL,
  `created_at` timestamp NOT NULL DEFAULT '0000-00-00 00:00:00',
  `updated_at` timestamp NOT NULL DEFAULT '0000-00-00 00:00:00',
  PRIMARY KEY (`id`)
) ENGINE=InnoDB DEFAULT CHARSET=utf8 COLLATE=utf8_unicode_ci;

LOCK TABLES `pivot_table` WRITE;
/*!40000 ALTER TABLE `pivot_table` DISABLE KEYS */;

INSERT INTO `pivot_table` (`id`, `movie_id`, `actor_id`, `created_at`, `updated_at`)
VALUES
	(1,2,1,'0000-00-00 00:00:00','0000-00-00 00:00:00'),
	(2,3,1,'0000-00-00 00:00:00','0000-00-00 00:00:00'),
	(3,4,1,'0000-00-00 00:00:00','0000-00-00 00:00:00'),
	(4,5,1,'0000-00-00 00:00:00','0000-00-00 00:00:00'),
	(5,6,1,'0000-00-00 00:00:00','0000-00-00 00:00:00'),
	(6,7,1,'0000-00-00 00:00:00','0000-00-00 00:00:00'),
	(7,4,2,'0000-00-00 00:00:00','0000-00-00 00:00:00'),
	(8,5,2,'0000-00-00 00:00:00','0000-00-00 00:00:00'),
	(9,6,2,'0000-00-00 00:00:00','0000-00-00 00:00:00'),
	(10,7,2,'0000-00-00 00:00:00','0000-00-00 00:00:00'),
	(15,2,4,'0000-00-00 00:00:00','0000-00-00 00:00:00'),
	(16,3,4,'0000-00-00 00:00:00','0000-00-00 00:00:00'),
	(17,4,4,'0000-00-00 00:00:00','0000-00-00 00:00:00'),
	(18,5,4,'0000-00-00 00:00:00','0000-00-00 00:00:00'),
	(19,6,4,'0000-00-00 00:00:00','0000-00-00 00:00:00'),
	(20,7,4,'0000-00-00 00:00:00','0000-00-00 00:00:00'),
	(21,2,5,'0000-00-00 00:00:00','0000-00-00 00:00:00'),
	(22,3,5,'0000-00-00 00:00:00','0000-00-00 00:00:00'),
	(23,4,5,'0000-00-00 00:00:00','0000-00-00 00:00:00'),
	(24,5,5,'0000-00-00 00:00:00','0000-00-00 00:00:00'),
	(25,6,5,'0000-00-00 00:00:00','0000-00-00 00:00:00'),
	(26,7,5,'0000-00-00 00:00:00','0000-00-00 00:00:00'),
	(27,8,5,'0000-00-00 00:00:00','0000-00-00 00:00:00'),
	(28,1,6,'0000-00-00 00:00:00','0000-00-00 00:00:00'),
	(29,2,6,'0000-00-00 00:00:00','0000-00-00 00:00:00'),
	(30,3,6,'0000-00-00 00:00:00','0000-00-00 00:00:00'),
	(31,4,6,'0000-00-00 00:00:00','0000-00-00 00:00:00'),
	(32,5,6,'0000-00-00 00:00:00','0000-00-00 00:00:00'),
	(33,6,6,'0000-00-00 00:00:00','0000-00-00 00:00:00'),
	(34,7,6,'0000-00-00 00:00:00','0000-00-00 00:00:00'),
	(35,8,6,'0000-00-00 00:00:00','0000-00-00 00:00:00'),
	(36,9,6,'0000-00-00 00:00:00','0000-00-00 00:00:00'),
	(37,10,6,'0000-00-00 00:00:00','0000-00-00 00:00:00'),
	(38,3,7,'0000-00-00 00:00:00','0000-00-00 00:00:00'),
	(39,4,7,'0000-00-00 00:00:00','0000-00-00 00:00:00'),
	(40,5,7,'0000-00-00 00:00:00','0000-00-00 00:00:00'),
	(41,6,7,'0000-00-00 00:00:00','0000-00-00 00:00:00'),
	(42,7,7,'0000-00-00 00:00:00','0000-00-00 00:00:00'),
	(49,2,9,'0000-00-00 00:00:00','0000-00-00 00:00:00'),
	(50,3,9,'0000-00-00 00:00:00','0000-00-00 00:00:00'),
	(51,4,9,'0000-00-00 00:00:00','0000-00-00 00:00:00'),
	(52,5,9,'0000-00-00 00:00:00','0000-00-00 00:00:00'),
	(53,6,9,'0000-00-00 00:00:00','0000-00-00 00:00:00'),
	(54,7,9,'0000-00-00 00:00:00','0000-00-00 00:00:00'),
	(55,8,9,'0000-00-00 00:00:00','0000-00-00 00:00:00'),
	(56,3,10,'0000-00-00 00:00:00','0000-00-00 00:00:00'),
	(57,4,10,'0000-00-00 00:00:00','0000-00-00 00:00:00'),
	(58,5,10,'0000-00-00 00:00:00','0000-00-00 00:00:00'),
	(59,6,10,'0000-00-00 00:00:00','0000-00-00 00:00:00'),
	(60,7,10,'0000-00-00 00:00:00','0000-00-00 00:00:00'),
	(61,8,10,'0000-00-00 00:00:00','0000-00-00 00:00:00'),
	(62,9,10,'0000-00-00 00:00:00','0000-00-00 00:00:00'),
	(63,10,10,'0000-00-00 00:00:00','0000-00-00 00:00:00'),
	(64,1,11,'0000-00-00 00:00:00','0000-00-00 00:00:00'),
	(65,2,11,'0000-00-00 00:00:00','0000-00-00 00:00:00'),
	(66,3,11,'0000-00-00 00:00:00','0000-00-00 00:00:00'),
	(67,4,11,'0000-00-00 00:00:00','0000-00-00 00:00:00'),
	(68,5,11,'0000-00-00 00:00:00','0000-00-00 00:00:00'),
	(69,6,11,'0000-00-00 00:00:00','0000-00-00 00:00:00'),
	(70,7,11,'0000-00-00 00:00:00','0000-00-00 00:00:00'),
	(71,8,11,'0000-00-00 00:00:00','0000-00-00 00:00:00'),
	(72,9,11,'0000-00-00 00:00:00','0000-00-00 00:00:00'),
	(73,2,12,'0000-00-00 00:00:00','0000-00-00 00:00:00'),
	(74,3,12,'0000-00-00 00:00:00','0000-00-00 00:00:00'),
	(75,4,12,'0000-00-00 00:00:00','0000-00-00 00:00:00'),
	(76,5,12,'0000-00-00 00:00:00','0000-00-00 00:00:00'),
	(77,6,12,'0000-00-00 00:00:00','0000-00-00 00:00:00'),
	(78,7,12,'0000-00-00 00:00:00','0000-00-00 00:00:00'),
	(79,8,12,'0000-00-00 00:00:00','0000-00-00 00:00:00'),
	(80,9,12,'0000-00-00 00:00:00','0000-00-00 00:00:00'),
	(81,1,13,'0000-00-00 00:00:00','0000-00-00 00:00:00'),
	(82,2,13,'0000-00-00 00:00:00','0000-00-00 00:00:00'),
	(83,3,13,'0000-00-00 00:00:00','0000-00-00 00:00:00'),
	(84,4,13,'0000-00-00 00:00:00','0000-00-00 00:00:00'),
	(85,5,13,'0000-00-00 00:00:00','0000-00-00 00:00:00'),
	(86,6,13,'0000-00-00 00:00:00','0000-00-00 00:00:00'),
	(87,7,13,'0000-00-00 00:00:00','0000-00-00 00:00:00'),
	(88,8,13,'0000-00-00 00:00:00','0000-00-00 00:00:00'),
	(89,4,14,'0000-00-00 00:00:00','0000-00-00 00:00:00'),
	(90,5,14,'0000-00-00 00:00:00','0000-00-00 00:00:00'),
	(91,6,14,'0000-00-00 00:00:00','0000-00-00 00:00:00'),
	(92,7,14,'0000-00-00 00:00:00','0000-00-00 00:00:00'),
	(93,8,14,'0000-00-00 00:00:00','0000-00-00 00:00:00'),
	(94,1,15,'0000-00-00 00:00:00','0000-00-00 00:00:00'),
	(95,2,15,'0000-00-00 00:00:00','0000-00-00 00:00:00'),
	(96,3,15,'0000-00-00 00:00:00','0000-00-00 00:00:00'),
	(97,4,15,'0000-00-00 00:00:00','0000-00-00 00:00:00'),
	(98,5,15,'0000-00-00 00:00:00','0000-00-00 00:00:00'),
	(99,6,15,'0000-00-00 00:00:00','0000-00-00 00:00:00'),
	(100,7,15,'0000-00-00 00:00:00','0000-00-00 00:00:00'),
	(101,8,15,'0000-00-00 00:00:00','0000-00-00 00:00:00'),
	(102,2,16,'0000-00-00 00:00:00','0000-00-00 00:00:00'),
	(103,3,16,'0000-00-00 00:00:00','0000-00-00 00:00:00'),
	(104,4,16,'0000-00-00 00:00:00','0000-00-00 00:00:00'),
	(105,5,16,'0000-00-00 00:00:00','0000-00-00 00:00:00'),
	(106,6,16,'0000-00-00 00:00:00','0000-00-00 00:00:00'),
	(107,7,16,'0000-00-00 00:00:00','0000-00-00 00:00:00'),
	(108,8,16,'0000-00-00 00:00:00','0000-00-00 00:00:00'),
	(109,5,17,'0000-00-00 00:00:00','0000-00-00 00:00:00'),
	(110,6,17,'0000-00-00 00:00:00','0000-00-00 00:00:00'),
	(111,4,18,'0000-00-00 00:00:00','0000-00-00 00:00:00'),
	(112,5,18,'0000-00-00 00:00:00','0000-00-00 00:00:00'),
	(113,6,18,'0000-00-00 00:00:00','0000-00-00 00:00:00'),
	(114,7,18,'0000-00-00 00:00:00','0000-00-00 00:00:00'),
	(115,1,19,'0000-00-00 00:00:00','0000-00-00 00:00:00'),
	(116,2,19,'0000-00-00 00:00:00','0000-00-00 00:00:00'),
	(117,3,19,'0000-00-00 00:00:00','0000-00-00 00:00:00'),
	(118,4,19,'0000-00-00 00:00:00','0000-00-00 00:00:00'),
	(119,5,19,'0000-00-00 00:00:00','0000-00-00 00:00:00'),
	(120,6,19,'0000-00-00 00:00:00','0000-00-00 00:00:00'),
	(121,3,20,'0000-00-00 00:00:00','0000-00-00 00:00:00'),
	(122,4,20,'0000-00-00 00:00:00','0000-00-00 00:00:00'),
	(123,5,20,'0000-00-00 00:00:00','0000-00-00 00:00:00'),
	(124,6,20,'0000-00-00 00:00:00','0000-00-00 00:00:00'),
	(125,7,20,'0000-00-00 00:00:00','0000-00-00 00:00:00'),
	(126,8,20,'0000-00-00 00:00:00','0000-00-00 00:00:00'),
	(133,2,22,'0000-00-00 00:00:00','0000-00-00 00:00:00'),
	(134,3,22,'0000-00-00 00:00:00','0000-00-00 00:00:00'),
	(135,4,22,'0000-00-00 00:00:00','0000-00-00 00:00:00'),
	(136,5,22,'0000-00-00 00:00:00','0000-00-00 00:00:00'),
	(137,6,22,'0000-00-00 00:00:00','0000-00-00 00:00:00'),
	(138,7,22,'0000-00-00 00:00:00','0000-00-00 00:00:00'),
	(139,8,22,'0000-00-00 00:00:00','0000-00-00 00:00:00'),
	(140,9,22,'0000-00-00 00:00:00','0000-00-00 00:00:00'),
	(141,10,22,'0000-00-00 00:00:00','0000-00-00 00:00:00'),
	(142,5,23,'0000-00-00 00:00:00','0000-00-00 00:00:00'),
	(143,6,23,'0000-00-00 00:00:00','0000-00-00 00:00:00'),
	(144,7,23,'0000-00-00 00:00:00','0000-00-00 00:00:00'),
	(145,8,23,'0000-00-00 00:00:00','0000-00-00 00:00:00'),
	(146,9,23,'0000-00-00 00:00:00','0000-00-00 00:00:00'),
	(147,10,23,'0000-00-00 00:00:00','0000-00-00 00:00:00'),
	(152,3,25,'0000-00-00 00:00:00','0000-00-00 00:00:00'),
	(153,4,25,'0000-00-00 00:00:00','0000-00-00 00:00:00'),
	(154,5,25,'0000-00-00 00:00:00','0000-00-00 00:00:00'),
	(155,6,25,'0000-00-00 00:00:00','0000-00-00 00:00:00'),
	(156,18,26,'0000-00-00 00:00:00','0000-00-00 00:00:00'),
	(157,18,27,'0000-00-00 00:00:00','0000-00-00 00:00:00'),
	(158,18,30,'0000-00-00 00:00:00','0000-00-00 00:00:00'),
	(299,19,38,'0000-00-00 00:00:00','0000-00-00 00:00:00'),
	(300,19,39,'0000-00-00 00:00:00','0000-00-00 00:00:00'),
	(301,19,40,'0000-00-00 00:00:00','0000-00-00 00:00:00'),
	(302,19,41,'0000-00-00 00:00:00','0000-00-00 00:00:00'),
	(304,20,28,'0000-00-00 00:00:00','0000-00-00 00:00:00');

/*!40000 ALTER TABLE `pivot_table` ENABLE KEYS */;
UNLOCK TABLES;


# Dump of table users
# ------------------------------------------------------------

DROP TABLE IF EXISTS `users`;

CREATE TABLE `users` (
  `id` int(10) unsigned NOT NULL AUTO_INCREMENT,
  `email` varchar(255) COLLATE utf8_unicode_ci NOT NULL,
  `password` varchar(60) COLLATE utf8_unicode_ci NOT NULL,
  `remember_token` varchar(100) COLLATE utf8_unicode_ci DEFAULT NULL,
  `created_at` timestamp NOT NULL DEFAULT '0000-00-00 00:00:00',
  `updated_at` timestamp NOT NULL DEFAULT '0000-00-00 00:00:00',
  PRIMARY KEY (`id`),
  UNIQUE KEY `users_email_unique` (`email`)
) ENGINE=InnoDB DEFAULT CHARSET=utf8 COLLATE=utf8_unicode_ci;

LOCK TABLES `users` WRITE;
/*!40000 ALTER TABLE `users` DISABLE KEYS */;

INSERT INTO `users` (`id`, `email`, `password`, `remember_token`, `created_at`, `updated_at`)
VALUES
	(1,'Shirley48@Vandervort.info','$2y$10$TboUxgc40NfLTEdDf5.hQeuFCv16zn9W5GYSaBg.BRdHqW3QcBISe',NULL,'2015-01-15 08:29:41','2015-01-15 08:29:41'),
	(2,'Pagac.Jamel@gmail.com','$2y$10$bRLS5AMuRZneUjcck/b4xOPvTU2dT9AGMDfIflPiHSAxw/O9Z1oLS',NULL,'2015-01-15 08:29:41','2015-01-15 08:29:41'),
	(3,'Antonetta88@Harvey.info','$2y$10$TJ/Hb/mgf8I8u2ecLbwQg.gXz5ziAGVH/Vy96SYVDn8UNGeZMmZTi',NULL,'2015-01-15 08:29:41','2015-01-15 08:29:41'),
	(4,'Joaquin48@hotmail.com','$2y$10$VJGNFiZT.tOxXLLIqLwVLuGqhRiF0bl65KoxtZemqqIm2U5pfIpem',NULL,'2015-01-15 08:29:41','2015-01-15 08:29:41'),
	(5,'Sonya.Davis@yahoo.com','$2y$10$WnwoI1i5o5rG0HUnvSJl4OGcuH/KFE3dVB0Q3ZCLSZ4MmvTTNRmZ2',NULL,'2015-01-15 08:29:41','2015-01-15 08:29:41');

/*!40000 ALTER TABLE `users` ENABLE KEYS */;
UNLOCK TABLES;



/*!40111 SET SQL_NOTES=@OLD_SQL_NOTES */;
/*!40101 SET SQL_MODE=@OLD_SQL_MODE */;
/*!40014 SET FOREIGN_KEY_CHECKS=@OLD_FOREIGN_KEY_CHECKS */;
/*!40101 SET CHARACTER_SET_CLIENT=@OLD_CHARACTER_SET_CLIENT */;
/*!40101 SET CHARACTER_SET_RESULTS=@OLD_CHARACTER_SET_RESULTS */;
/*!40101 SET COLLATION_CONNECTION=@OLD_COLLATION_CONNECTION */;
